filename,width,height,class,xmin,ymin,xmax,ymax
img_38.jpg,2667,1333,Helmet_on,1060,416,1486,784
img_10.jpg,8256,5504,Helmet_on,5845,60,7611,2077
images(225).jpeg,277,182,Helmet_on,19,29,39,54
images(77).jpeg,278,182,Helmet_on,48,48,59,60
images(77).jpeg,278,182,Helmet_on,186,65,204,84
images(77).jpeg,278,182,Helmet_on,227,70,245,94
images(77).jpeg,278,182,Helmet_on,76,114,99,128
images(98).jpeg,194,259,Helmet_on,24,114,41,144
images(98).jpeg,194,259,Helmet_on,90,108,104,136
images(98).jpeg,194,259,Helmet_on,131,107,150,131
images(98).jpeg,194,259,Helmet_on,159,111,181,136
images(419).jpeg,183,275,Helmet_on,127,28,143,45
images(419).jpeg,183,275,Helmet_on,145,95,157,114
image_1_205.jpeg,275,183,Helmet_missing,144,10,251,136
image_1_205.jpeg,275,183,Helmet_missing,2,11,110,142
images(337).jpeg,207,243,Helmet_on,124,7,183,84
image_1_211.jpeg,225,225,Helmet_missing,17,6,202,191
images(272).jpeg,300,168,Helmet_on,232,88,274,129
images(20).jpeg,276,183,Helmet_on,130,44,144,70
Image_15.jpg,910,1213,Helmet_on,497,750,610,845
Image_15.jpg,910,1213,Helmet_on,497,647,594,718
image_1_371.jpeg,300,168,Helmet_missing,122,11,197,105
image_1_403.jpeg,177,285,Helmet_missing,76,2,133,105
image_1_365.jpeg,202,250,Helmet_missing,29,14,173,202
image_1_359.jpeg,210,240,Helmet_missing,46,11,147,168
image_1_33.jpeg,225,225,Helmet_missing,44,2,170,168
image_1_27.jpeg,225,225,Helmet_missing,24,16,198,199
images(376).jpeg,267,189,Helmet_on,48,3,124,100
image_1_173.jpeg,275,183,Helmet_missing,21,7,105,142
image_1_173.jpeg,275,183,Helmet_missing,170,9,259,145
image_1_167.jpeg,190,265,Helmet_missing,22,15,167,225
images(61).jpeg,266,190,Helmet_on,127,1,156,37
image_1_198.jpeg,300,168,Helmet_missing,153,11,217,121
image_1_199.jpeg,275,183,Helmet_missing,46,34,77,75
image_1_199.jpeg,275,183,Helmet_missing,102,44,123,80
image_1_199.jpeg,275,183,Helmet_missing,139,34,166,71
image_1_199.jpeg,275,183,Helmet_missing,195,32,224,72
images(248).jpeg,275,183,Helmet_on,74,38,112,86
images(618).jpeg,275,183,Helmet_on,230,33,252,53
images(618).jpeg,275,183,Helmet_on,202,37,230,56
images(618).jpeg,275,183,Helmet_on,180,36,201,58
images(618).jpeg,275,183,Helmet_on,127,33,147,53
images(618).jpeg,275,183,Helmet_on,3,39,15,55
images(618).jpeg,275,183,Helmet_on,61,49,75,63
images(474).jpeg,259,194,Helmet_on,17,26,55,64
images(474).jpeg,259,194,Helmet_on,205,46,232,77
image_1_166.jpeg,183,275,Helmet_missing,31,10,160,152
image_1_172.jpeg,194,260,Helmet_missing,22,10,165,203
image_1_26.jpeg,310,163,Helmet_missing,14,1,150,131
image_1_26.jpeg,310,163,Helmet_missing,186,1,310,97
image_1_32.jpeg,225,225,Helmet_missing,89,8,156,87
images(589).jpeg,259,195,Helmet_on,81,47,94,57
images(589).jpeg,259,195,Helmet_on,9,43,17,50
images(589).jpeg,259,195,Helmet_on,126,79,133,88
image_1_402.jpeg,225,225,Helmet_missing,41,1,177,177
image_1_364.jpeg,183,275,Helmet_missing,21,24,150,192
images(566).jpeg,272,185,Helmet_on,111,27,165,70
images(566).jpeg,272,185,Helmet_on,66,13,99,49
images(566).jpeg,272,185,Helmet_on,17,20,44,47
images(566).jpeg,272,185,Helmet_on,50,22,68,58
images(566).jpeg,272,185,Helmet_on,110,6,126,23
images(566).jpeg,272,185,Helmet_on,131,7,151,27
images(566).jpeg,272,185,Helmet_on,184,9,196,31
image_1_370.jpeg,183,275,Helmet_missing,24,20,154,186
Image_14.jpg,3888,2592,Helmet_on,1482,591,2198,1268
Image_14.jpg,3888,2592,Helmet_on,2328,338,2705,745
images(209).jpeg,201,251,Helmet_on,19,74,43,101
images(435).jpeg,183,275,Helmet_on,81,57,118,111
image_1_238.jpeg,225,225,Helmet_missing,47,6,175,180
image_1_210.jpeg,276,183,Helmet_missing,101,2,153,66
image_1_204.jpeg,225,225,Helmet_missing,36,1,197,211
images(120).jpeg,194,259,Helmet_on,91,47,108,67
images(120).jpeg,194,259,Helmet_on,141,169,150,184
img_11.jpg,1200,800,Helmet_on,279,59,460,257
images(198).jpeg,275,183,Helmet_on,169,55,191,85
img_39.jpg,1600,1167,Helmet_on,259,300,384,550
img_39.jpg,1600,1167,Helmet_on,653,313,841,591
img_39.jpg,1600,1167,Helmet_on,909,244,1119,491
images(550).jpeg,259,194,Helmet_on,42,4,71,33
images(550).jpeg,259,194,Helmet_on,87,23,117,64
images(550).jpeg,259,194,Helmet_on,144,13,172,45
images(550).jpeg,259,194,Helmet_on,184,15,223,62
images(550).jpeg,259,194,Helmet_on,220,16,245,53
images(550).jpeg,259,194,Helmet_on,148,62,214,121
images(550).jpeg,259,194,Helmet_on,34,40,77,73
images(550).jpeg,259,194,Helmet_on,29,72,87,125
images(100).jpeg,275,183,Helmet_on,32,78,46,90
images(100).jpeg,275,183,Helmet_on,118,84,129,98
images(100).jpeg,275,183,Helmet_on,154,87,168,102
images(100).jpeg,275,183,Helmet_on,215,83,227,97
img_13.jpg,1200,800,Helmet_on,784,20,1060,443
img_13.jpg,1200,800,Helmet_on,102,220,256,424
img_13.jpg,1200,800,Helmet_on,470,317,598,478
img_13.jpg,1200,800,Helmet_on,626,236,742,424
images(94).jpeg,300,168,Helmet_on,181,54,196,71
images(94).jpeg,300,168,Helmet_on,37,6,50,16
image_1_212.jpeg,191,264,Helmet_missing,20,8,175,207
images(507).jpeg,280,180,Helmet_on,69,60,82,82
images(442).jpeg,275,183,Helmet_on,98,8,118,41
images(442).jpeg,275,183,Helmet_on,227,66,258,99
Image_16.jpg,3442,2400,Helmet_on,327,1376,467,1550
Image_16.jpg,3442,2400,Helmet_on,760,910,940,1136
Image_16.jpg,3442,2400,Helmet_on,1087,1476,1213,1623
Image_16.jpg,3442,2400,Helmet_on,1687,1023,1853,1256
Image_16.jpg,3442,2400,Helmet_on,2521,930,2734,1150
Image_16.jpg,3442,2400,Helmet_on,2934,1256,3101,1383
Image_16.jpg,3442,2400,Helmet_on,2328,1503,2441,1590
image_1_400.jpeg,275,183,Helmet_missing,73,7,153,132
image_1_372.jpeg,190,266,Helmet_missing,14,1,176,170
images(287).jpeg,275,183,Helmet_on,4,1,85,57
image_1_24.jpeg,321,157,Helmet_missing,46,10,113,104
image_1_24.jpeg,321,157,Helmet_missing,211,15,281,111
image_1_30.jpeg,225,225,Helmet_missing,44,6,179,195
image_1_18.jpeg,275,183,Helmet_missing,35,12,105,105
images(268).jpeg,275,183,Helmet_on,138,36,162,61
images(116).jpeg,300,168,Helmet_on,141,8,181,70
image_1_164.jpeg,243,208,Helmet_missing,69,1,191,162
images(546).jpeg,259,194,Helmet_on,126,48,145,66
image_1_170.jpeg,294,171,Helmet_missing,110,10,169,92
image_1_158.jpeg,282,179,Helmet_missing,129,1,241,139
images(403).jpeg,259,194,Helmet_on,102,102,114,111
images(403).jpeg,259,194,Helmet_on,96,78,103,87
img_2.jpg,800,450,Helmet_on,339,33,419,127
images(478).jpeg,259,194,Helmet_on,138,36,154,56
img_3.jpg,628,418,Helmet_on,253,77,331,193
img_3.jpg,628,418,Helmet_on,358,66,459,199
images(16).jpeg,275,183,Helmet_on,120,5,157,68
images(614).jpeg,275,183,Helmet_on,139,2,201,59
images(614).jpeg,275,183,Helmet_on,105,49,139,82
image_1_159.jpeg,210,240,Helmet_missing,37,1,147,127
image_1_171.jpeg,225,225,Helmet_missing,49,5,171,198
image_1_165.jpeg,225,225,Helmet_missing,22,1,78,83
image_1_165.jpeg,225,225,Helmet_missing,134,4,192,87
image_1_165.jpeg,225,225,Helmet_missing,128,113,211,212
image_1_165.jpeg,225,225,Helmet_missing,23,112,86,204
images(585).jpeg,183,275,Helmet_on,19,72,42,101
images(585).jpeg,183,275,Helmet_on,67,68,89,100
images(585).jpeg,183,275,Helmet_on,107,77,125,103
images(585).jpeg,183,275,Helmet_on,128,164,149,187
image_1_19.jpeg,248,203,Helmet_missing,14,5,110,150
image_1_19.jpeg,248,203,Helmet_missing,126,6,244,156
image_1_31.jpeg,296,170,Helmet_missing,110,22,193,120
images(41).jpeg,275,183,Helmet_on,139,2,185,58
image_1_25.jpeg,173,292,Helmet_missing,1,21,147,190
images(213).jpeg,275,183,Helmet_on,16,2,80,65
images(213).jpeg,275,183,Helmet_on,106,32,144,77
images(356).jpeg,183,275,Helmet_on,98,51,112,73
images(356).jpeg,183,275,Helmet_on,146,60,160,79
image_1_415.jpeg,275,183,Helmet_missing,5,1,81,127
image_1_415.jpeg,275,183,Helmet_missing,98,1,172,124
image_1_415.jpeg,275,183,Helmet_missing,193,8,268,115
image_1_373.jpeg,225,225,Helmet_missing,38,1,193,174
image_1_367.jpeg,259,194,Helmet_missing,170,107,223,169
image_1_367.jpeg,259,194,Helmet_missing,41,107,92,175
image_1_367.jpeg,259,194,Helmet_missing,52,1,90,74
image_1_367.jpeg,259,194,Helmet_missing,177,4,221,53
image_1_401.jpeg,275,183,Helmet_missing,80,1,184,128
Image_17.jpg,3648,2736,Helmet_on,1895,992,2488,1649
images(593).jpeg,275,183,Helmet_on,3,36,52,83
images(439).jpeg,259,194,Helmet_on,84,60,98,83
images(57).jpeg,295,171,Helmet_on,57,1,126,85
images(205).jpeg,275,183,Helmet_on,101,62,108,69
images(205).jpeg,275,183,Helmet_on,121,61,127,68
images(205).jpeg,275,183,Helmet_on,135,67,141,74
images(205).jpeg,275,183,Helmet_on,153,65,158,73
images(205).jpeg,275,183,Helmet_on,164,66,171,73
images(205).jpeg,275,183,Helmet_on,184,64,187,73
images(205).jpeg,275,183,Helmet_on,198,66,203,75
image_1_207.jpeg,246,205,Helmet_missing,48,1,155,152
image_1_213.jpeg,249,202,Helmet_missing,135,2,237,142
image_1_213.jpeg,249,202,Helmet_missing,15,2,105,140
images(340).jpeg,194,259,Helmet_on,52,14,113,76
images(481).jpeg,183,276,Helmet_on,46,47,93,96
img_12.jpg,1024,640,Helmet_on,463,142,625,285
img_12.jpg,1024,640,Helmet_on,698,78,831,242
images(252).jpeg,184,275,Helmet_on,78,10,164,136
images(602).jpeg,276,183,Helmet_on,133,21,162,59
images(602).jpeg,276,183,Helmet_on,233,64,246,83
images(317).jpeg,282,179,Helmet_on,110,99,133,124
images(317).jpeg,282,179,Helmet_on,140,51,173,78
images(253).jpeg,259,194,Helmet_on,56,46,79,73
images(253).jpeg,259,194,Helmet_on,90,48,114,69
images(253).jpeg,259,194,Helmet_on,112,50,129,76
img_16.jpg,6000,3750,Helmet_on,1863,418,3000,2306
img_16.jpg,6000,3750,Helmet_on,3425,343,4363,1906
images(603).jpeg,259,195,Helmet_on,37,94,52,110
images(204).jpeg,275,183,Helmet_on,33,2,83,61
images(204).jpeg,275,183,Helmet_on,124,40,155,76
images(204).jpeg,275,183,Helmet_on,203,4,264,61
image_1_217.jpeg,225,225,Helmet_missing,5,1,215,132
image_1_203.jpeg,225,225,Helmet_missing,74,20,122,77
images(592).jpeg,275,183,Helmet_on,69,28,99,70
images(592).jpeg,275,183,Helmet_on,150,18,186,70
Image_13.jpg,3180,2112,Helmet_on,1459,477,1653,790
images(357).jpeg,275,183,Helmet_on,138,13,151,41
image_1_377.jpeg,207,243,Helmet_missing,19,4,163,183
image_1_411.jpeg,248,203,Helmet_missing,132,4,240,151
images(40).jpeg,284,177,Helmet_on,37,60,63,81
images(40).jpeg,284,177,Helmet_on,122,57,137,76
images(40).jpeg,284,177,Helmet_on,94,83,114,103
image_1_21.jpeg,275,183,Helmet_missing,30,95,78,168
image_1_21.jpeg,275,183,Helmet_missing,105,98,168,160
image_1_21.jpeg,275,183,Helmet_missing,25,5,74,76
image_1_21.jpeg,275,183,Helmet_missing,115,3,163,75
image_1_21.jpeg,275,183,Helmet_missing,197,96,265,166
image_1_21.jpeg,275,183,Helmet_missing,193,4,262,75
image_1_35.jpeg,259,195,Helmet_missing,70,5,188,159
images(615).jpeg,266,190,Helmet_on,23,39,97,103
images(615).jpeg,266,190,Helmet_on,160,28,219,77
images(245).jpeg,266,190,Helmet_on,103,6,123,29
images(245).jpeg,266,190,Helmet_on,178,5,209,40
image_1_149.jpeg,183,275,Helmet_missing,6,1,177,175
image_1_175.jpeg,225,224,Helmet_missing,60,3,162,125
images(183).jpeg,275,183,Helmet_on,34,3,75,69
images(183).jpeg,275,183,Helmet_on,71,43,106,81
images(183).jpeg,275,183,Helmet_on,113,20,149,79
images(183).jpeg,275,183,Helmet_on,140,44,165,82
images(183).jpeg,275,183,Helmet_on,159,42,185,80
images(183).jpeg,275,183,Helmet_on,189,55,200,84
images(183).jpeg,275,183,Helmet_on,201,66,227,85
images(496).jpeg,293,172,Helmet_on,72,14,100,41
images(496).jpeg,293,172,Helmet_on,243,22,267,44
img_7.jpg,600,445,Helmet_on,81,20,158,125
images(17).jpeg,259,194,Helmet_on,133,69,179,119
img_6.jpg,1200,800,Helmet_on,230,57,560,473
img_6.jpg,1200,800,Helmet_on,584,162,735,390
images(117).jpeg,267,189,Helmet_on,51,4,124,89
images(547).jpeg,275,183,Helmet_on,11,35,53,77
images(547).jpeg,275,183,Helmet_on,134,28,168,72
images(547).jpeg,275,183,Helmet_on,154,11,178,47
images(547).jpeg,275,183,Helmet_on,189,27,220,69
image_1_174.jpeg,318,159,Helmet_missing,132,1,196,78
image_1_160.jpeg,264,191,Helmet_missing,22,1,126,103
images(83).jpeg,245,206,Helmet_on,27,39,43,63
images(83).jpeg,245,206,Helmet_on,131,47,142,68
images(83).jpeg,245,206,Helmet_on,170,77,181,93
image_1_148.jpeg,225,225,Helmet_missing,11,1,85,86
image_1_148.jpeg,225,225,Helmet_missing,132,1,210,95
image_1_148.jpeg,225,225,Helmet_missing,128,113,211,201
image_1_148.jpeg,225,225,Helmet_missing,11,112,92,201
image_1_34.jpeg,299,168,Helmet_missing,31,13,101,90
image_1_34.jpeg,299,168,Helmet_missing,189,5,250,80
image_1_20.jpeg,300,168,Helmet_missing,38,1,147,137
image_1_389.jpeg,187,270,Helmet_missing,23,6,187,233
images(269).jpeg,275,183,Helmet_on,55,41,75,71
images(269).jpeg,275,183,Helmet_on,100,46,117,74
images(269).jpeg,275,183,Helmet_on,212,46,245,82
image_1_410.jpeg,297,169,Helmet_missing,15,1,94,114
image_1_410.jpeg,297,169,Helmet_missing,152,1,266,111
images(455).jpeg,197,256,Helmet_on,6,9,71,82
Image_12.jpg,2000,1883,Helmet_on,452,63,1092,735
image_1_202.jpeg,318,159,Helmet_missing,94,1,179,86
images(506).jpeg,183,276,Helmet_on,61,19,115,76
image_1_216.jpeg,225,225,Helmet_missing,75,1,144,100
images(228).jpeg,300,168,Helmet_on,202,33,245,74
images(101).jpeg,266,189,Helmet_on,168,3,223,65
images(414).jpeg,265,190,Helmet_on,46,15,89,69
img_17.jpg,1200,801,Helmet_on,279,157,423,383
img_17.jpg,1200,801,Helmet_on,537,132,709,341
img_17.jpg,1200,801,Helmet_on,760,152,914,327
images(95).jpeg,194,259,Helmet_on,16,46,60,117
img_15.jpg,802,454,Helmet_on,416,1,539,163
images(463).jpeg,189,267,Helmet_on,20,73,49,110
images(463).jpeg,189,267,Helmet_on,99,79,122,113
images(463).jpeg,189,267,Helmet_on,124,79,151,113
img_29.jpg,1700,1040,Helmet_on,307,128,797,768
img_29.jpg,1700,1040,Helmet_on,1,91,207,608
images(176).jpeg,275,183,Helmet_on,120,62,129,70
image_1_228.jpeg,259,194,Helmet_missing,91,6,167,112
image_1_214.jpeg,266,190,Helmet_missing,73,6,193,154
images(121).jpeg,259,194,Helmet_on,135,31,158,53
Image_10.jpg,1280,848,Helmet_on,730,81,986,291
images(588).jpeg,183,275,Helmet_on,41,1,100,72
image_1_412.jpeg,225,225,Helmet_missing,12,116,96,220
image_1_412.jpeg,225,225,Helmet_missing,133,115,208,207
image_1_412.jpeg,225,225,Helmet_missing,21,1,88,104
image_1_412.jpeg,225,225,Helmet_missing,117,1,203,103
images(137).jpeg,259,195,Helmet_on,36,63,51,80
images(137).jpeg,259,195,Helmet_on,133,80,148,102
images(137).jpeg,259,195,Helmet_on,224,42,237,62
images(137).jpeg,259,195,Helmet_on,221,68,237,82
image_1_360.jpeg,213,237,Helmet_missing,29,9,179,178
image_1_36.jpeg,179,281,Helmet_missing,42,11,152,185
images(475).jpeg,275,183,Helmet_on,167,16,201,55
image_1_176.jpeg,259,194,Helmet_missing,93,6,191,133
images(530).jpeg,275,183,Helmet_on,111,24,135,54
images(530).jpeg,275,183,Helmet_on,1,1,22,46
image_1_162.jpeg,275,183,Helmet_missing,106,1,193,105
images(619).jpeg,265,190,Helmet_on,98,13,161,64
img_4.jpg,1884,1584,Helmet_on,186,305,353,505
img_4.jpg,1884,1584,Helmet_on,968,357,1112,523
img_4.jpg,1884,1584,Helmet_on,1290,575,1412,705
images(60).jpeg,275,183,Helmet_on,76,7,181,112
img_5.jpg,800,533,Helmet_on,404,73,527,228
img_5.jpg,800,533,Helmet_on,531,17,639,168
image_1_188.jpeg,298,169,Helmet_missing,148,1,236,123
image_1_163.jpeg,207,243,Helmet_missing,22,1,149,188
image_1_177.jpeg,299,168,Helmet_missing,155,7,228,116
images(232).jpeg,277,182,Helmet_on,140,49,152,63
image_1_23.jpeg,225,225,Helmet_missing,1,2,199,144
images(37).jpeg,275,183,Helmet_on,24,10,80,78
images(37).jpeg,275,183,Helmet_on,76,29,109,73
images(459).jpeg,300,168,Helmet_on,131,21,154,39
images(459).jpeg,300,168,Helmet_on,182,22,201,43
image_1_361.jpeg,310,163,Helmet_missing,130,7,190,100
image_1_407.jpeg,259,194,Helmet_missing,51,1,177,158
image_1_413.jpeg,183,275,Helmet_missing,29,7,157,166
images(320).jpeg,259,194,Helmet_on,136,69,181,120
image_1_375.jpeg,225,225,Helmet_missing,42,1,166,161
images(21).jpeg,275,184,Helmet_on,100,14,152,67
Image_11.jpg,5400,3600,Helmet_on,1877,1283,2888,2105
image_1_215.jpeg,243,207,Helmet_missing,57,1,186,164
images(336).jpeg,183,276,Helmet_on,51,48,147,168
image_1_201.jpeg,225,225,Helmet_missing,67,13,137,110
image_1_229.jpeg,189,267,Helmet_missing,68,81,123,156
images(76).jpeg,275,183,Helmet_on,243,52,265,72
images(99).jpeg,241,210,Helmet_on,73,12,103,45
images(99).jpeg,241,210,Helmet_on,127,1,168,49
images(418).jpeg,275,183,Helmet_on,51,63,69,77
images(418).jpeg,275,183,Helmet_on,79,58,93,77
images(418).jpeg,275,183,Helmet_on,105,57,120,77
images(418).jpeg,275,183,Helmet_on,125,58,137,77
img_28.jpg,990,498,Helmet_on,487,25,666,310
img_28.jpg,990,498,Helmet_on,700,21,866,251
img_28.jpg,990,498,Helmet_on,211,164,292,298
img_28.jpg,990,498,Helmet_on,305,128,404,259
img_28.jpg,990,498,Helmet_on,98,127,211,264
images(361).jpeg,270,187,Helmet_on,156,55,178,82
images(556).jpeg,275,183,Helmet_on,61,106,76,127
images(556).jpeg,275,183,Helmet_on,105,95,123,109
images(556).jpeg,275,183,Helmet_on,126,81,145,97
images(106).jpeg,210,240,Helmet_on,90,56,117,87
img_73.jpg,600,420,Helmet_on,114,13,227,159
img_73.jpg,600,420,Helmet_on,286,20,370,146
images(92).jpeg,275,183,Helmet_on,3,17,67,96
images(92).jpeg,275,183,Helmet_on,198,1,269,79
images(92).jpeg,275,183,Helmet_on,123,1,151,46
img_67.jpg,300,168,Helmet_on,15,8,78,114
img_67.jpg,300,168,Helmet_on,54,4,108,105
images(385).jpeg,190,266,Helmet_on,20,26,43,50
images(385).jpeg,190,266,Helmet_on,50,12,75,49
images(385).jpeg,190,266,Helmet_on,92,48,138,101
images(385).jpeg,190,266,Helmet_on,73,7,100,61
images(385).jpeg,190,266,Helmet_on,135,26,153,65
images(385).jpeg,190,266,Helmet_on,170,49,190,77
image_1_266.jpeg,225,225,Helmet_missing,73,9,141,111
images(151).jpeg,183,275,Helmet_on,95,9,175,77
image_1_272.jpeg,275,183,Helmet_missing,27,8,88,100
image_1_272.jpeg,275,183,Helmet_missing,80,68,183,131
images(444).jpeg,277,182,Helmet_on,141,47,152,63
images(297).jpeg,275,183,Helmet_on,125,82,137,106
images(297).jpeg,275,183,Helmet_on,183,72,199,92
image_1_299.jpeg,275,183,Helmet_missing,102,11,184,132
image_1_93.jpeg,183,275,Helmet_missing,3,1,165,164
images(517).jpeg,275,183,Helmet_on,8,55,27,76
images(517).jpeg,275,183,Helmet_on,41,65,59,84
image_1_312.jpeg,194,260,Helmet_missing,61,22,124,120
images(147).jpeg,275,183,Helmet_on,111,1,196,116
images(147).jpeg,275,183,Helmet_on,44,52,92,110
image_1_4.jpeg,353,143,Helmet_missing,48,1,153,132
image_1_4.jpeg,353,143,Helmet_missing,207,1,306,135
images(452).jpeg,254,198,Helmet_on,105,19,158,61
image_1_50.jpeg,259,194,Helmet_missing,133,1,257,135
image_1_44.jpeg,275,183,Helmet_missing,87,2,191,102
image_1_78.jpeg,183,275,Helmet_missing,10,3,183,224
image_1_110.jpeg,297,169,Helmet_missing,21,1,124,153
image_1_110.jpeg,297,169,Helmet_missing,188,1,263,84
image_1_104.jpeg,203,248,Helmet_missing,17,3,181,176
images(540).jpeg,275,183,Helmet_on,68,33,103,78
images(540).jpeg,275,183,Helmet_on,150,21,192,72
images(405).jpeg,300,168,Helmet_on,118,1,176,43
images(84).jpeg,275,183,Helmet_on,13,1,38,28
images(84).jpeg,275,183,Helmet_on,57,5,67,27
images(84).jpeg,275,183,Helmet_on,174,24,189,48
images(84).jpeg,275,183,Helmet_on,150,6,170,29
image_1_138.jpeg,278,181,Helmet_missing,152,1,270,78
images(393).jpeg,275,183,Helmet_on,61,38,95,95
images(393).jpeg,275,183,Helmet_on,91,57,113,104
images(393).jpeg,275,183,Helmet_on,235,26,275,77
images(239).jpeg,276,183,Helmet_on,98,62,112,74
images(239).jpeg,276,183,Helmet_on,120,58,130,73
images(239).jpeg,276,183,Helmet_on,147,54,157,67
images(239).jpeg,276,183,Helmet_on,177,63,190,74
images(239).jpeg,276,183,Helmet_on,76,85,93,101
images(491).jpeg,276,183,Helmet_on,115,12,139,42
image_1_139.jpeg,275,183,Helmet_missing,53,1,241,96
image_1_105.jpeg,305,165,Helmet_missing,117,7,202,120
image_1_111.jpeg,208,242,Helmet_missing,14,1,195,127
image_1_79.jpeg,275,183,Helmet_missing,92,1,151,75
images(583).jpeg,266,190,Helmet_on,179,26,243,102
image_1_45.jpeg,168,299,Helmet_missing,7,53,90,201
image_1_51.jpeg,225,225,Helmet_missing,10,11,190,183
images(47).jpeg,274,184,Helmet_on,45,14,81,58
image_1_5.jpeg,264,191,Helmet_missing,166,96,253,186
image_1_86.jpeg,197,256,Helmet_missing,16,17,178,194
image_1_92.jpeg,259,194,Helmet_missing,101,8,176,108
image_1_92.jpeg,259,194,Helmet_missing,5,32,48,86
image_1_92.jpeg,259,194,Helmet_missing,199,58,246,106
image_1_92.jpeg,259,194,Helmet_missing,81,43,102,92
image_1_92.jpeg,259,194,Helmet_missing,52,35,78,84
images(350).jpeg,275,183,Helmet_on,77,1,119,49
images(350).jpeg,275,183,Helmet_on,169,2,223,47
image_1_313.jpeg,194,260,Helmet_missing,24,3,164,193
image_1_298.jpeg,264,191,Helmet_missing,13,1,96,79
images(51).jpeg,275,183,Helmet_on,121,75,132,88
images(51).jpeg,275,183,Helmet_on,177,64,186,75
image_1_273.jpeg,183,275,Helmet_missing,5,14,167,163
images(346).jpeg,300,168,Helmet_on,64,3,180,110
image_1_267.jpeg,177,285,Helmet_missing,12,1,159,233
images(468).jpeg,265,190,Helmet_on,174,103,220,160
images(254).jpeg,275,183,Helmet_on,111,1,158,54
images(254).jpeg,275,183,Helmet_on,191,7,246,71
img_66.jpg,5616,3744,Helmet_on,2274,411,3741,1822
images(604).jpeg,259,195,Helmet_on,68,6,82,23
images(604).jpeg,259,195,Helmet_on,105,28,124,47
img_72.jpg,340,255,Helmet_on,173,16,297,153
img_72.jpg,340,255,Helmet_on,10,10,164,191
img_58.jpg,1024,682,Helmet_on,119,210,210,314
img_58.jpg,1024,682,Helmet_on,218,224,304,318
img_58.jpg,1024,682,Helmet_on,400,161,512,304
img_58.jpg,1024,682,Helmet_on,523,204,637,328
img_58.jpg,1024,682,Helmet_on,710,202,821,326
img_58.jpg,1024,682,Helmet_on,833,165,941,301
images(366).jpeg,194,259,Helmet_on,16,45,64,120
img_64.jpg,937,552,Helmet_on,476,21,558,110
img_64.jpg,937,552,Helmet_on,595,40,665,139
images(223).jpeg,183,275,Helmet_on,81,59,117,103
image_1_271.jpeg,259,194,Helmet_missing,132,6,248,149
image_1_265.jpeg,211,239,Helmet_missing,8,1,163,219
images(331).jpeg,275,183,Helmet_on,69,6,173,107
image_1_259.jpeg,261,193,Helmet_missing,86,8,171,140
images(26).jpeg,193,262,Helmet_on,86,6,134,78
images(448).jpeg,275,183,Helmet_on,106,76,122,94
image_1_84.jpeg,225,225,Helmet_missing,44,4,175,165
images(327).jpeg,275,183,Helmet_on,52,18,92,92
images(327).jpeg,275,183,Helmet_on,111,54,169,105
image_1_7.jpeg,225,225,Helmet_missing,80,4,158,92
image_1_305.jpeg,225,225,Helmet_missing,118,32,150,77
image_1_305.jpeg,225,225,Helmet_missing,186,21,217,64
image_1_305.jpeg,225,225,Helmet_missing,27,29,71,71
image_1_311.jpeg,259,194,Helmet_missing,85,1,143,91
image_1_90.jpeg,272,185,Helmet_missing,6,8,129,127
image_1_90.jpeg,272,185,Helmet_missing,142,6,265,155
image_1_339.jpeg,161,313,Helmet_missing,26,17,132,212
images(262).jpeg,275,183,Helmet_on,206,23,255,76
images(262).jpeg,275,183,Helmet_on,15,35,51,80
image_1_47.jpeg,190,266,Helmet_missing,53,24,163,172
images(30).jpeg,275,183,Helmet_on,79,12,133,63
image_1_53.jpeg,259,194,Helmet_missing,80,23,174,125
image_1_107.jpeg,275,183,Helmet_missing,21,1,109,148
image_1_107.jpeg,275,183,Helmet_missing,154,1,258,134
images(370).jpeg,241,210,Helmet_on,68,11,102,47
images(370).jpeg,241,210,Helmet_on,123,3,181,41
image_1_113.jpeg,183,275,Helmet_missing,11,1,168,162
images(88).jpeg,259,194,Helmet_on,179,14,202,40
images(188).jpeg,276,182,Helmet_on,60,12,80,32
images(537).jpeg,300,168,Helmet_on,25,3,106,69
images(537).jpeg,300,168,Helmet_on,90,13,160,79
image_1_112.jpeg,259,194,Helmet_missing,21,3,131,149
images(167).jpeg,259,194,Helmet_on,66,1,133,87
image_1_106.jpeg,309,163,Helmet_missing,68,8,102,71
images(219).jpeg,266,190,Helmet_on,39,23,76,78
images(219).jpeg,266,190,Helmet_on,82,32,116,77
images(219).jpeg,266,190,Helmet_on,148,14,189,59
image_1_52.jpeg,225,225,Helmet_missing,16,1,219,181
image_1_46.jpeg,318,159,Helmet_missing,101,11,252,94
images(425).jpeg,275,183,Helmet_on,16,2,87,73
images(425).jpeg,275,183,Helmet_on,104,29,142,79
image_1_338.jpeg,225,225,Helmet_missing,46,24,181,154
image_1_310.jpeg,198,254,Helmet_missing,38,16,153,160
image_1_91.jpeg,268,188,Helmet_missing,20,13,105,137
image_1_91.jpeg,268,188,Helmet_missing,164,16,250,130
image_1_85.jpeg,206,245,Helmet_missing,16,7,192,187
image_1_6.jpeg,268,188,Helmet_missing,102,9,187,138
images(560).jpeg,265,190,Helmet_on,1,32,54,124
images(560).jpeg,265,190,Helmet_on,50,38,85,91
images(560).jpeg,265,190,Helmet_on,199,12,264,100
Image_9.jpg,350,211,Helmet_on,130,52,152,86
Image_9.jpg,350,211,Helmet_on,162,54,178,84
Image_9.jpg,350,211,Helmet_on,201,55,214,82
image_1_258.jpeg,188,268,Helmet_missing,14,5,72,112
image_1_258.jpeg,188,268,Helmet_missing,104,139,187,244
image_1_264.jpeg,275,183,Helmet_missing,145,12,242,146
images(126).jpeg,190,266,Helmet_on,52,13,72,43
images(126).jpeg,190,266,Helmet_on,27,26,41,48
images(126).jpeg,190,266,Helmet_on,135,32,154,58
images(126).jpeg,190,266,Helmet_on,174,53,190,74
images(126).jpeg,190,266,Helmet_on,76,9,100,54
images(126).jpeg,190,266,Helmet_on,96,50,130,99
image_1_270.jpeg,299,168,Helmet_missing,165,5,264,114
images(608).jpeg,259,194,Helmet_on,185,121,194,137
images(608).jpeg,259,194,Helmet_on,220,39,231,49
images(608).jpeg,259,194,Helmet_on,149,9,157,19
images(464).jpeg,275,183,Helmet_on,131,93,147,109
img_65.jpg,1200,675,Helmet_on,81,352,212,464
img_65.jpg,1200,675,Helmet_on,198,285,288,354
img_65.jpg,1200,675,Helmet_on,981,215,1123,368
img_65.jpg,1200,675,Helmet_on,356,268,426,336
img_65.jpg,1200,675,Helmet_on,505,245,584,322
img_65.jpg,1200,675,Helmet_on,426,234,495,299
img_65.jpg,1200,675,Helmet_on,84,273,160,331
img_65.jpg,1200,675,Helmet_on,912,182,972,296
img_65.jpg,1200,675,Helmet_on,812,161,888,266
img_65.jpg,1200,675,Helmet_on,746,150,902,257
img_65.jpg,1200,675,Helmet_on,21,320,133,429
img_59.jpg,800,599,Helmet_on,322,367,396,457
images(171).jpeg,275,183,Helmet_on,57,35,79,60
images(171).jpeg,275,183,Helmet_on,123,36,137,59
images(171).jpeg,275,183,Helmet_on,86,55,104,75
images(171).jpeg,275,183,Helmet_on,29,50,42,70
images(171).jpeg,275,183,Helmet_on,11,58,25,75
images(521).jpeg,266,190,Helmet_on,57,60,78,88
images(521).jpeg,266,190,Helmet_on,103,35,132,60
images(521).jpeg,266,190,Helmet_on,185,60,205,82
img_61.jpg,416,331,Helmet_on,65,4,150,109
img_61.jpg,416,331,Helmet_on,239,5,343,148
img_75.jpg,900,550,Helmet_on,16,33,128,198
img_75.jpg,900,550,Helmet_on,341,119,435,270
img_75.jpg,900,550,Helmet_on,441,139,553,291
img_75.jpg,900,550,Helmet_on,672,45,796,200
img_49.jpg,1300,954,Helmet_on,213,65,273,148
img_49.jpg,1300,954,Helmet_on,605,223,678,293
img_49.jpg,1300,954,Helmet_on,920,125,973,223
img_49.jpg,1300,954,Helmet_on,1143,223,1175,298
images(170).jpeg,275,183,Helmet_on,135,1,195,48
images(170).jpeg,275,183,Helmet_on,7,1,39,25
images(609).jpeg,276,182,Helmet_on,172,121,176,129
image_1_248.jpeg,282,179,Helmet_missing,75,1,199,127
images(432).jpeg,275,183,Helmet_on,111,22,212,107
images(598).jpeg,274,184,Helmet_on,144,10,190,92
image_1_274.jpeg,183,275,Helmet_missing,33,9,154,166
images(577).jpeg,275,183,Helmet_on,40,96,50,109
images(577).jpeg,275,183,Helmet_on,60,104,74,117
images(577).jpeg,275,183,Helmet_on,82,103,92,116
images(577).jpeg,275,183,Helmet_on,90,94,98,105
images(577).jpeg,275,183,Helmet_on,103,99,111,112
images(577).jpeg,275,183,Helmet_on,114,103,127,118
images(577).jpeg,275,183,Helmet_on,113,90,121,102
images(577).jpeg,275,183,Helmet_on,130,99,138,112
images(577).jpeg,275,183,Helmet_on,146,99,158,112
images(577).jpeg,275,183,Helmet_on,167,93,177,110
images(577).jpeg,275,183,Helmet_on,178,87,187,101
images(577).jpeg,275,183,Helmet_on,188,98,197,113
images(577).jpeg,275,183,Helmet_on,200,93,206,108
images(577).jpeg,275,183,Helmet_on,206,103,217,115
images(577).jpeg,275,183,Helmet_on,225,105,234,115
images(577).jpeg,275,183,Helmet_on,236,98,246,110
images(127).jpeg,194,259,Helmet_on,142,54,180,121
image_1_260.jpeg,291,173,Helmet_missing,101,4,186,65
image_1_328.jpeg,318,159,Helmet_missing,93,6,217,122
image_1_300.jpeg,261,193,Helmet_missing,81,6,170,122
image_1_2.jpeg,225,225,Helmet_missing,104,10,170,95
image_1_81.jpeg,190,265,Helmet_missing,15,10,177,175
images(131).jpeg,190,266,Helmet_on,61,58,83,98
images(131).jpeg,190,266,Helmet_on,125,63,138,86
image_1_95.jpeg,225,225,Helmet_missing,44,15,177,171
image_1_42.jpeg,275,183,Helmet_missing,180,5,227,76
image_1_56.jpeg,225,225,Helmet_missing,82,8,166,112
images(473).jpeg,194,259,Helmet_on,91,46,111,67
images(473).jpeg,194,259,Helmet_on,134,169,149,184
images(189).jpeg,259,194,Helmet_on,163,54,187,89
image_1_102.jpeg,220,229,Helmet_missing,93,16,211,178
images(166).jpeg,300,168,Helmet_on,59,13,85,42
images(166).jpeg,300,168,Helmet_on,180,11,204,38
image_1_116.jpeg,281,180,Helmet_missing,81,6,197,155
images(66).jpeg,207,243,Helmet_on,129,10,176,83
images(408).jpeg,275,183,Helmet_on,126,72,135,82
images(408).jpeg,275,183,Helmet_on,180,72,193,87
images(408).jpeg,275,183,Helmet_on,157,71,165,86
images(408).jpeg,275,183,Helmet_on,135,70,146,85
images(408).jpeg,275,183,Helmet_on,83,74,93,83
image_1_117.jpeg,275,183,Helmet_missing,7,1,43,35
image_1_117.jpeg,275,183,Helmet_missing,55,1,88,33
image_1_117.jpeg,275,183,Helmet_missing,97,1,133,31
image_1_117.jpeg,275,183,Helmet_missing,147,1,176,35
image_1_117.jpeg,275,183,Helmet_missing,193,1,221,33
image_1_117.jpeg,275,183,Helmet_missing,238,2,268,35
image_1_117.jpeg,275,183,Helmet_missing,236,47,268,83
image_1_117.jpeg,275,183,Helmet_missing,191,47,223,79
image_1_117.jpeg,275,183,Helmet_missing,145,46,176,80
image_1_117.jpeg,275,183,Helmet_missing,96,46,128,75
image_1_117.jpeg,275,183,Helmet_missing,54,49,86,77
image_1_117.jpeg,275,183,Helmet_missing,9,50,39,78
image_1_117.jpeg,275,183,Helmet_missing,7,91,38,124
image_1_117.jpeg,275,183,Helmet_missing,52,92,89,126
images(371).jpeg,275,183,Helmet_on,28,75,47,94
images(371).jpeg,275,183,Helmet_on,116,81,132,98
images(371).jpeg,275,183,Helmet_on,156,84,170,106
images(371).jpeg,275,183,Helmet_on,213,82,229,97
image_1_103.jpeg,300,168,Helmet_missing,67,1,255,149
image_1_57.jpeg,275,183,Helmet_missing,108,23,168,98
image_1_43.jpeg,206,244,Helmet_missing,36,16,173,191
image_1_94.jpeg,222,227,Helmet_missing,51,7,168,156
image_1_315.jpeg,298,169,Helmet_missing,153,3,247,125
image_1_80.jpeg,201,251,Helmet_missing,24,4,177,192
image_1_329.jpeg,267,189,Helmet_missing,26,19,102,107
image_1_329.jpeg,267,189,Helmet_missing,171,26,244,118
images(27).jpeg,275,183,Helmet_on,127,127,135,139
images(449).jpeg,275,183,Helmet_on,55,7,93,71
images(449).jpeg,275,183,Helmet_on,135,65,165,109
images(449).jpeg,275,183,Helmet_on,161,59,187,94
images(449).jpeg,275,183,Helmet_on,3,6,49,84
image_1_261.jpeg,284,177,Helmet_missing,98,5,191,120
image_1_275.jpeg,225,225,Helmet_missing,71,12,130,94
images(330).jpeg,273,184,Helmet_on,168,6,205,65
images(275).jpeg,266,190,Helmet_on,56,56,76,88
images(275).jpeg,266,190,Helmet_on,105,31,127,57
images(275).jpeg,266,190,Helmet_on,181,60,206,82
image_1_249.jpeg,284,178,Helmet_missing,69,1,215,166
img_48.jpg,342,429,Helmet_on,70,79,124,142
img_48.jpg,342,429,Helmet_on,213,82,273,139
img_74.jpg,1500,756,Helmet_on,898,113,1169,471
img_74.jpg,1500,756,Helmet_on,566,465,638,525
img_74.jpg,1500,756,Helmet_on,672,473,732,542
images(388).jpeg,275,183,Helmet_on,178,54,205,86
img_60.jpg,1100,550,Helmet_on,94,24,328,339
img_60.jpg,1100,550,Helmet_on,358,69,641,380
img_60.jpg,1100,550,Helmet_on,726,14,952,326
images(255).jpeg,269,188,Helmet_on,94,20,127,45
img_76.jpg,999,667,Helmet_on,166,40,378,311
img_76.jpg,999,667,Helmet_on,647,82,785,345
img_76.jpg,999,667,Helmet_on,745,13,960,265
images(605).jpeg,183,275,Helmet_on,37,11,81,73
img_62.jpg,1000,666,Helmet_on,105,122,261,307
img_62.jpg,1000,666,Helmet_on,277,170,380,276
img_62.jpg,1000,666,Helmet_on,417,178,486,274
img_62.jpg,1000,666,Helmet_on,613,201,727,316
img_62.jpg,1000,666,Helmet_on,738,159,865,326
images(202).jpeg,265,190,Helmet_on,53,19,89,72
images(347).jpeg,275,183,Helmet_on,244,53,265,74
image_1_288.jpeg,259,194,Helmet_missing,69,14,170,145
images(214).jpeg,274,184,Helmet_on,22,18,31,30
images(214).jpeg,274,184,Helmet_on,124,15,193,68
image_1_317.jpeg,299,168,Helmet_missing,200,1,269,83
image_1_317.jpeg,299,168,Helmet_missing,107,41,153,105
image_1_96.jpeg,275,183,Helmet_missing,71,1,200,147
image_1_82.jpeg,250,202,Helmet_missing,1,1,99,107
images(351).jpeg,183,275,Helmet_on,53,60,132,149
image_1_303.jpeg,348,145,Helmet_missing,118,5,199,92
image_1_1.jpeg,247,204,Helmet_missing,58,27,94,70
image_1_1.jpeg,247,204,Helmet_missing,112,20,143,62
image_1_69.jpeg,267,189,Helmet_missing,30,9,99,90
image_1_69.jpeg,267,189,Helmet_missing,169,5,240,98
image_1_55.jpeg,276,183,Helmet_missing,114,1,201,100
images(46).jpeg,275,183,Helmet_on,103,18,148,80
image_1_41.jpeg,194,259,Helmet_missing,44,1,146,148
image_1_129.jpeg,259,194,Helmet_missing,36,1,167,126
images(243).jpeg,197,256,Helmet_on,3,3,71,81
image_1_115.jpeg,311,162,Helmet_missing,50,1,207,134
image_1_101.jpeg,299,168,Helmet_missing,51,1,136,96
images(185).jpeg,259,195,Helmet_on,123,53,141,76
images(185).jpeg,259,195,Helmet_on,159,68,179,92
images(392).jpeg,275,184,Helmet_on,80,45,130,88
image_1_100.jpeg,275,183,Helmet_missing,115,8,166,77
images(541).jpeg,318,158,Helmet_on,64,20,127,102
images(541).jpeg,318,158,Helmet_on,194,4,257,63
image_1_114.jpeg,275,183,Helmet_missing,63,1,214,153
images(85).jpeg,183,275,Helmet_on,146,58,159,80
images(85).jpeg,183,275,Helmet_on,71,55,86,70
image_1_128.jpeg,259,194,Helmet_missing,71,14,169,138
image_1_40.jpeg,335,150,Helmet_missing,3,4,51,58
image_1_40.jpeg,335,150,Helmet_missing,61,1,105,64
image_1_40.jpeg,335,150,Helmet_missing,119,1,155,59
image_1_40.jpeg,335,150,Helmet_missing,177,1,208,67
image_1_40.jpeg,335,150,Helmet_missing,232,5,272,67
image_1_40.jpeg,335,150,Helmet_missing,285,1,329,64
image_1_40.jpeg,335,150,Helmet_missing,1,80,50,138
image_1_40.jpeg,335,150,Helmet_missing,55,79,103,135
image_1_40.jpeg,335,150,Helmet_missing,116,79,163,144
image_1_40.jpeg,335,150,Helmet_missing,170,79,216,141
image_1_40.jpeg,335,150,Helmet_missing,232,79,273,138
image_1_40.jpeg,335,150,Helmet_missing,286,78,327,131
image_1_54.jpeg,225,225,Helmet_missing,45,1,210,164
image_1_68.jpeg,299,168,Helmet_missing,124,2,198,66
images(516).jpeg,190,266,Helmet_on,77,125,112,171
images(516).jpeg,190,266,Helmet_on,129,54,148,89
images(516).jpeg,190,266,Helmet_on,94,52,108,68
image_1_83.jpeg,276,183,Helmet_missing,146,9,188,50
image_1_302.jpeg,225,225,Helmet_missing,42,8,165,195
images(146).jpeg,300,168,Helmet_on,122,1,184,46
image_1_316.jpeg,210,241,Helmet_missing,34,3,187,183
image_1_97.jpeg,183,275,Helmet_missing,31,3,137,134
image_1_289.jpeg,189,267,Helmet_missing,29,23,179,213
images(279).jpeg,276,183,Helmet_on,45,8,96,78
images(279).jpeg,276,183,Helmet_on,182,2,264,89
images(279).jpeg,276,183,Helmet_on,1,73,42,163
images(279).jpeg,276,183,Helmet_on,1,1,26,30
images(279).jpeg,276,183,Helmet_on,140,1,167,27
image_1_276.jpeg,282,179,Helmet_missing,119,1,257,160
image_1_262.jpeg,259,194,Helmet_missing,156,17,245,133
images(500).jpeg,275,183,Helmet_on,113,1,160,49
images(500).jpeg,275,183,Helmet_on,202,7,239,75
images(384).jpeg,276,183,Helmet_on,118,1,148,50
images(384).jpeg,276,183,Helmet_on,181,9,221,58
images(557).jpeg,276,183,Helmet_on,111,65,147,105
images(107).jpeg,225,225,Helmet_on,74,16,123,78
img_63.jpg,2000,1333,Helmet_on,680,129,1153,729
img_63.jpg,2000,1333,Helmet_on,1372,87,1772,729
images(93).jpeg,275,183,Helmet_on,23,50,80,113
img_77.jpg,1600,1157,Helmet_on,716,117,903,370
img_77.jpg,1600,1157,Helmet_on,1038,86,1209,333
img_52.jpg,800,450,Helmet_on,473,92,570,176
img_52.jpg,800,450,Helmet_on,287,24,373,107
img_52.jpg,800,450,Helmet_on,225,4,259,69
img_52.jpg,800,450,Helmet_on,296,169,401,286
img_52.jpg,800,450,Helmet_on,110,143,222,243
img_46.jpg,750,562,Helmet_on,88,97,253,333
img_46.jpg,750,562,Helmet_on,284,79,401,279
img_46.jpg,750,562,Helmet_on,504,170,618,303
image_1_247.jpeg,300,168,Helmet_missing,23,8,130,133
image_1_247.jpeg,300,168,Helmet_missing,183,7,292,136
image_1_253.jpeg,300,168,Helmet_missing,134,14,177,78
images(344).jpeg,251,201,Helmet_on,43,25,105,87
images(578).jpeg,183,275,Helmet_on,84,152,100,170
image_1_284.jpeg,284,178,Helmet_missing,28,1,198,117
image_1_290.jpeg,225,225,Helmet_missing,53,6,173,186
Image_2.jpg,1200,800,Helmet_on,574,266,649,341
Image_2.jpg,1200,800,Helmet_on,809,352,853,424
images(352).jpeg,276,183,Helmet_on,218,55,243,76
images(352).jpeg,276,183,Helmet_on,42,45,52,69
images(352).jpeg,276,183,Helmet_on,107,42,121,63
image_1_333.jpeg,209,241,Helmet_missing,21,16,131,142
image_1_327.jpeg,185,272,Helmet_missing,65,6,128,110
images(45).jpeg,306,165,Helmet_on,55,55,80,74
images(45).jpeg,306,165,Helmet_on,158,45,178,67
image_1_71.jpeg,202,250,Helmet_missing,33,1,162,175
image_1_59.jpeg,188,268,Helmet_missing,8,4,83,101
image_1_59.jpeg,188,268,Helmet_missing,99,5,184,117
image_1_59.jpeg,188,268,Helmet_missing,5,136,91,256
image_1_59.jpeg,188,268,Helmet_missing,99,140,188,266
image_1_131.jpeg,222,227,Helmet_missing,49,1,122,81
image_1_125.jpeg,183,275,Helmet_missing,43,4,149,135
images(240).jpeg,254,198,Helmet_on,112,20,154,59
image_1_119.jpeg,259,194,Helmet_missing,168,1,252,41
images(539).jpeg,278,181,Helmet_on,129,37,167,88
images(186).jpeg,256,197,Helmet_on,143,24,168,62
images(391).jpeg,275,183,Helmet_on,89,20,115,55
images(391).jpeg,275,183,Helmet_on,77,53,106,94
images(391).jpeg,275,183,Helmet_on,114,69,139,108
images(391).jpeg,275,183,Helmet_on,129,90,170,146
images(391).jpeg,275,183,Helmet_on,176,69,230,130
images(86).jpeg,275,183,Helmet_on,139,16,152,37
image_1_118.jpeg,219,230,Helmet_missing,26,1,180,176
images(407).jpeg,275,183,Helmet_on,149,51,179,76
images(407).jpeg,275,183,Helmet_on,78,22,116,58
images(407).jpeg,275,183,Helmet_on,220,80,240,97
images(112).jpeg,183,275,Helmet_on,55,70,69,81
images(542).jpeg,266,190,Helmet_on,86,44,129,95
images(542).jpeg,266,190,Helmet_on,153,73,180,107
images(542).jpeg,266,190,Helmet_on,184,82,202,103
image_1_124.jpeg,191,264,Helmet_missing,1,1,191,146
image_1_130.jpeg,194,259,Helmet_missing,38,13,156,175
images(69).jpeg,194,259,Helmet_on,60,16,108,75
image_1_58.jpeg,235,215,Helmet_missing,76,15,180,134
images(329).jpeg,193,262,Helmet_on,79,8,129,81
image_1_64.jpeg,225,225,Helmet_missing,35,1,182,207
images(283).jpeg,183,276,Helmet_on,97,69,125,109
image_1_70.jpeg,174,290,Helmet_missing,17,7,154,187
images(515).jpeg,275,183,Helmet_on,54,36,78,68
images(515).jpeg,275,183,Helmet_on,96,43,115,73
images(515).jpeg,275,183,Helmet_on,203,45,246,81
Image_3.JPG,780,579,Helmet_on,237,151,300,223
Image_3.JPG,780,579,Helmet_on,467,123,550,203
Image_3.JPG,780,579,Helmet_on,592,96,667,173
image_1_291.jpeg,225,225,Helmet_missing,44,11,204,208
images(295).jpeg,261,193,Helmet_on,96,2,168,80
image_1_285.jpeg,225,225,Helmet_missing,47,1,193,182
image_1_252.jpeg,249,202,Helmet_missing,24,7,100,110
image_1_252.jpeg,249,202,Helmet_missing,153,6,225,135
images(28).jpeg,275,183,Helmet_on,136,16,180,80
image_1_246.jpeg,275,183,Helmet_missing,76,5,147,94
images(368).jpeg,300,168,Helmet_on,71,1,199,119
img_47.jpg,1016,1600,Helmet_on,380,50,794,605
images(90).jpeg,270,187,Helmet_on,157,59,179,82
images(104).jpeg,326,155,Helmet_on,211,36,254,73
images(104).jpeg,326,155,Helmet_on,88,14,126,49
images(173).jpeg,300,168,Helmet_on,118,21,145,51
images(489).jpeg,266,190,Helmet_on,4,9,96,108
images(523).jpeg,259,194,Helmet_on,51,72,75,97
images(523).jpeg,259,194,Helmet_on,164,73,190,108
img_45.jpg,1800,1350,Helmet_on,251,307,441,590
img_45.jpg,1800,1350,Helmet_on,392,352,579,618
img_45.jpg,1800,1350,Helmet_on,786,421,975,662
img_45.jpg,1800,1350,Helmet_on,1210,328,1437,604
img_51.jpg,1280,600,Helmet_on,137,118,325,306
img_51.jpg,1280,600,Helmet_on,637,21,852,296
img_51.jpg,1280,600,Helmet_on,918,247,969,316
img_51.jpg,1280,600,Helmet_on,1072,257,1147,343
images(466).jpeg,262,193,Helmet_on,20,1,62,54
image_1_250.jpeg,268,188,Helmet_missing,90,22,146,90
images(574).jpeg,266,190,Helmet_on,59,15,115,60
images(431).jpeg,266,190,Helmet_on,36,29,80,77
images(431).jpeg,266,190,Helmet_on,86,32,115,79
images(431).jpeg,266,190,Helmet_on,147,9,190,57
image_1_278.jpeg,199,253,Helmet_missing,43,48,173,214
images(348).jpeg,278,182,Helmet_on,229,71,247,100
images(348).jpeg,278,182,Helmet_on,186,64,203,88
images(348).jpeg,278,182,Helmet_on,47,46,57,63
images(348).jpeg,278,182,Helmet_on,82,116,99,130
images(348).jpeg,278,182,Helmet_on,147,55,156,71
image_1_287.jpeg,260,194,Helmet_missing,1,7,81,138
image_1_287.jpeg,260,194,Helmet_missing,89,9,172,145
image_1_287.jpeg,260,194,Helmet_missing,174,12,256,140
Image_1.jpg,1200,800,Helmet_on,453,331,471,349
Image_1.jpg,1200,800,Helmet_on,637,349,657,365
images(132).jpeg,275,183,Helmet_on,76,57,107,93
images(132).jpeg,275,183,Helmet_on,179,77,231,125
images(132).jpeg,275,183,Helmet_on,110,75,144,102
images(132).jpeg,275,183,Helmet_on,123,104,173,130
images(132).jpeg,275,183,Helmet_on,87,18,119,51
image_1_324.jpeg,275,183,Helmet_missing,48,30,118,116
image_1_324.jpeg,275,183,Helmet_missing,162,31,231,118
image_1_330.jpeg,183,276,Helmet_missing,19,6,162,164
images(49).jpeg,275,183,Helmet_on,113,24,146,69
image_1_99.jpeg,299,168,Helmet_missing,195,7,283,137
image_1_99.jpeg,299,168,Helmet_missing,28,34,75,138
image_1_318.jpeg,299,168,Helmet_missing,39,1,127,104
image_1_66.jpeg,194,259,Helmet_missing,73,41,151,143
image_1_72.jpeg,225,225,Helmet_missing,38,1,180,165
image_1_126.jpeg,177,285,Helmet_missing,2,1,171,158
image_1_132.jpeg,300,168,Helmet_missing,77,12,114,74
image_1_132.jpeg,300,168,Helmet_missing,253,6,293,79
image_1_132.jpeg,300,168,Helmet_missing,186,9,237,75
images(165).jpeg,191,264,Helmet_on,45,60,67,82
images(165).jpeg,191,264,Helmet_on,125,55,151,83
images(470).jpeg,273,185,Helmet_on,79,33,92,49
images(470).jpeg,273,185,Helmet_on,134,9,153,24
images(470).jpeg,273,185,Helmet_on,95,33,107,49
images(470).jpeg,273,185,Helmet_on,139,104,160,129
images(65).jpeg,183,276,Helmet_on,47,49,146,166
images(237).jpeg,275,183,Helmet_on,1,6,49,84
images(237).jpeg,275,183,Helmet_on,51,9,103,65
images(237).jpeg,275,183,Helmet_on,129,70,161,99
images(237).jpeg,275,183,Helmet_on,153,66,182,95
images(372).jpeg,266,189,Helmet_on,167,1,231,66
image_1_127.jpeg,198,255,Helmet_missing,10,1,192,160
images(149).jpeg,275,183,Helmet_on,156,73,165,86
images(149).jpeg,275,183,Helmet_on,180,72,191,85
images(149).jpeg,275,183,Helmet_on,214,77,224,88
images(149).jpeg,275,183,Helmet_on,126,72,137,83
images(149).jpeg,275,183,Helmet_on,136,70,148,84
images(149).jpeg,275,183,Helmet_on,70,106,80,120
image_1_73.jpeg,275,183,Helmet_missing,104,1,237,140
image_1_67.jpeg,225,225,Helmet_missing,40,27,152,189
images(32).jpeg,275,183,Helmet_on,62,111,99,151
images(32).jpeg,275,183,Helmet_on,153,90,182,122
images(32).jpeg,275,183,Helmet_on,84,81,112,112
images(260).jpeg,183,276,Helmet_on,61,16,115,86
image_1_98.jpeg,200,252,Helmet_missing,24,11,153,200
image_1_331.jpeg,194,260,Helmet_missing,58,12,155,143
image_1_325.jpeg,202,249,Helmet_missing,40,35,154,151
images(325).jpeg,275,183,Helmet_on,55,1,109,59
images(325).jpeg,275,183,Helmet_on,140,15,203,101
images(325).jpeg,275,183,Helmet_on,203,83,231,115
images(325).jpeg,275,183,Helmet_on,113,6,144,64
image_1_286.jpeg,187,270,Helmet_missing,23,1,154,140
images(24).jpeg,275,183,Helmet_on,35,22,96,92
images(24).jpeg,275,183,Helmet_on,113,55,162,103
image_1_292.jpeg,184,273,Helmet_missing,10,3,80,87
image_1_292.jpeg,184,273,Helmet_missing,106,2,175,92
image_1_279.jpeg,200,252,Helmet_missing,60,4,144,125
images(276).jpeg,183,276,Helmet_on,22,86,77,140
image_1_245.jpeg,300,168,Helmet_missing,114,15,179,122
image_1_251.jpeg,299,168,Helmet_missing,55,20,93,69
image_1_251.jpeg,299,168,Helmet_missing,225,9,261,55
images(558).jpeg,274,184,Helmet_on,34,33,97,99
images(558).jpeg,274,184,Helmet_on,211,18,263,58
images(558).jpeg,274,184,Helmet_on,168,23,184,51
images(73).jpeg,251,201,Helmet_on,49,29,96,88
img_50.jpg,3264,2448,Helmet_on,1601,664,2163,1339
img_50.jpg,3264,2448,Helmet_on,563,508,851,851
img_50.jpg,3264,2448,Helmet_on,813,658,1207,1189
img_44.jpg,750,440,Helmet_on,33,128,80,168
img_44.jpg,750,440,Helmet_on,206,83,230,112
img_44.jpg,750,440,Helmet_on,290,122,340,163
img_44.jpg,750,440,Helmet_on,410,129,434,152
img_44.jpg,750,440,Helmet_on,558,138,601,191
img_44.jpg,750,440,Helmet_on,383,151,406,193
img_44.jpg,750,440,Helmet_on,670,51,690,85
img_44.jpg,750,440,Helmet_on,177,28,198,58
img_78.jpg,275,183,Helmet_on,149,22,177,81
img_78.jpg,275,183,Helmet_on,184,7,220,61
images(364).jpeg,275,183,Helmet_on,18,50,81,111
images(364).jpeg,275,183,Helmet_on,94,28,137,69
images(220).jpeg,275,183,Helmet_on,117,28,202,105
img_40.jpg,560,292,Helmet_on,299,22,380,150
img_40.jpg,560,292,Helmet_on,365,10,467,140
img_68.jpg,1200,880,Helmet_on,484,105,760,581
images(365).jpeg,300,168,Helmet_on,180,52,196,72
images(365).jpeg,300,168,Helmet_on,36,3,50,18
images(109).jpeg,275,183,Helmet_on,34,112,48,127
images(109).jpeg,275,183,Helmet_on,151,38,161,49
images(559).jpeg,210,240,Helmet_on,146,110,151,119
image_1_269.jpeg,300,168,Helmet_missing,54,1,148,119
images(277).jpeg,259,194,Helmet_on,49,72,73,97
images(277).jpeg,259,194,Helmet_on,159,78,196,106
image_1_255.jpeg,185,273,Helmet_missing,31,16,150,213
images(298).jpeg,275,183,Helmet_on,170,5,225,80
image_1_241.jpeg,183,275,Helmet_missing,20,14,168,218
Image_4.JPG,3872,2592,Helmet_on,1428,84,2190,1076
images(25).jpeg,231,218,Helmet_on,60,6,124,90
image_1_296.jpeg,225,225,Helmet_missing,87,20,140,115
image_1_282.jpeg,259,194,Helmet_missing,57,1,193,136
images(261).jpeg,280,180,Helmet_on,70,63,81,83
image_1_88.jpeg,276,183,Helmet_missing,18,1,127,89
image_1_88.jpeg,276,183,Helmet_missing,160,1,257,118
image_1_309.jpeg,225,225,Helmet_missing,85,21,154,140
image_1_321.jpeg,318,159,Helmet_missing,12,4,68,73
image_1_321.jpeg,318,159,Helmet_missing,91,5,149,69
image_1_321.jpeg,318,159,Helmet_missing,254,5,306,68
image_1_321.jpeg,318,159,Helmet_missing,174,82,220,145
image_1_321.jpeg,318,159,Helmet_missing,4,84,62,153
image_1_335.jpeg,317,159,Helmet_missing,14,31,89,129
images(324).jpeg,275,184,Helmet_on,94,15,156,70
images(148).jpeg,275,183,Helmet_on,148,51,188,72
images(148).jpeg,275,183,Helmet_on,81,25,117,55
images(518).jpeg,300,168,Helmet_on,229,87,270,127
image_1_63.jpeg,177,285,Helmet_missing,9,7,175,207
image_1_77.jpeg,259,194,Helmet_missing,76,1,181,135
images(236).jpeg,275,183,Helmet_on,107,76,121,93
image_1_123.jpeg,196,258,Helmet_missing,10,7,188,185
images(64).jpeg,274,184,Helmet_on,38,62,57,76
image_1_136.jpeg,290,174,Helmet_missing,100,13,187,114
images(534).jpeg,275,183,Helmet_on,136,1,158,23
images(534).jpeg,275,183,Helmet_on,163,63,189,93
image_1_122.jpeg,275,183,Helmet_missing,115,11,207,98
images(164).jpeg,278,181,Helmet_on,104,55,119,72
image_1_76.jpeg,225,225,Helmet_missing,50,7,173,193
image_1_62.jpeg,215,234,Helmet_missing,63,10,179,146
images(133).jpeg,275,184,Helmet_on,87,42,126,80
image_1_334.jpeg,311,162,Helmet_missing,123,18,212,124
images(563).jpeg,276,183,Helmet_on,74,23,129,63
images(563).jpeg,276,183,Helmet_on,148,13,204,58
image_1_320.jpeg,268,188,Helmet_missing,111,18,175,119
images(48).jpeg,275,183,Helmet_on,37,126,48,139
images(48).jpeg,275,183,Helmet_on,52,126,58,138
image_1_89.jpeg,225,225,Helmet_missing,59,11,163,150
image_1_308.jpeg,298,169,Helmet_missing,121,3,208,112
images(426).jpeg,274,184,Helmet_on,126,11,192,68
images(426).jpeg,274,184,Helmet_on,21,19,30,32
image_1_283.jpeg,268,188,Helmet_missing,29,24,100,110
image_1_283.jpeg,268,188,Helmet_missing,171,23,242,114
image_1_297.jpeg,301,167,Helmet_missing,133,5,256,116
Image_5.JPG,2832,4256,Helmet_on,1107,878,1434,1351
Image_5.JPG,2832,4256,Helmet_on,1461,1314,2107,2087
Image_5.JPG,2832,4256,Helmet_on,1461,60,2043,614
Image_5.JPG,2832,4256,Helmet_on,1971,23,2725,523
image_1_254.jpeg,279,181,Helmet_missing,97,8,185,124
images(125).jpeg,276,183,Helmet_on,109,1,153,40
images(125).jpeg,276,183,Helmet_on,178,12,216,53
image_1_268.jpeg,275,183,Helmet_missing,97,3,162,72
images(172).jpeg,275,183,Helmet_on,69,45,109,75
images(488).jpeg,266,190,Helmet_on,97,6,166,71
images(488).jpeg,266,190,Helmet_on,184,25,220,78
images(522).jpeg,183,276,Helmet_on,27,86,68,142
img_55.jpg,528,408,Helmet_on,53,44,179,205
img_55.jpg,528,408,Helmet_on,160,10,268,168
img_55.jpg,528,408,Helmet_on,308,41,430,182
img_41.jpg,728,982,Helmet_on,232,6,451,298
images(410).jpeg,183,275,Helmet_on,94,4,175,83
img_57.jpg,314,209,Helmet_on,156,35,196,99
img_57.jpg,314,209,Helmet_on,221,36,271,106
img_57.jpg,314,209,Helmet_on,72,9,104,37
img_43.jpg,500,333,Helmet_on,184,11,331,174
img_43.jpg,500,333,Helmet_on,340,29,468,207
images(105).jpeg,259,194,Helmet_on,130,32,157,65
images(105).jpeg,259,194,Helmet_on,46,49,76,68
images(386).jpeg,194,259,Helmet_on,142,55,186,129
images(369).jpeg,194,259,Helmet_on,22,111,47,144
images(369).jpeg,194,259,Helmet_on,86,105,107,136
images(369).jpeg,194,259,Helmet_on,126,100,149,129
images(369).jpeg,194,259,Helmet_on,157,105,180,141
image_1_242.jpeg,275,183,Helmet_missing,82,6,189,163
image_1_256.jpeg,300,168,Helmet_missing,119,3,219,133
images(29).jpeg,275,183,Helmet_on,173,6,210,42
images(29).jpeg,275,183,Helmet_on,97,41,112,64
images(29).jpeg,275,183,Helmet_on,78,76,101,98
images(29).jpeg,275,183,Helmet_on,143,52,160,76
Image_7.jpg,1024,574,Helmet_on,486,19,735,345
image_1_281.jpeg,335,150,Helmet_missing,119,1,206,63
images(294).jpeg,275,183,Helmet_on,26,1,122,72
image_1_295.jpeg,192,263,Helmet_missing,31,9,157,211
image_1_8.jpeg,311,162,Helmet_missing,71,5,195,146
image_1_336.jpeg,225,225,Helmet_missing,36,8,190,159
images(514).jpeg,275,183,Helmet_on,138,35,163,59
images(144).jpeg,259,194,Helmet_on,93,77,104,87
images(144).jpeg,259,194,Helmet_on,107,104,113,110
image_1_48.jpeg,300,168,Helmet_missing,50,6,165,131
images(328).jpeg,231,218,Helmet_on,53,7,126,88
image_1_74.jpeg,225,225,Helmet_missing,78,1,148,110
image_1_60.jpeg,190,265,Helmet_missing,33,4,142,180
images(87).jpeg,251,201,Helmet_on,91,119,105,131
images(87).jpeg,251,201,Helmet_on,160,119,174,134
image_1_108.jpeg,267,189,Helmet_missing,32,8,94,93
image_1_108.jpeg,267,189,Helmet_missing,168,10,239,95
images(406).jpeg,275,183,Helmet_on,108,1,194,112
images(406).jpeg,275,183,Helmet_on,47,58,99,109
images(406).jpeg,275,183,Helmet_on,37,1,73,17
image_1_134.jpeg,276,183,Helmet_missing,67,5,130,101
images(543).jpeg,275,183,Helmet_on,92,3,152,78
image_1_120.jpeg,275,183,Helmet_missing,147,36,220,150
images(68).jpeg,275,183,Helmet_on,201,14,257,89
images(390).jpeg,190,266,Helmet_on,56,59,89,100
images(390).jpeg,190,266,Helmet_on,123,65,142,88
images(492).jpeg,274,184,Helmet_on,45,1,133,91
images(538).jpeg,259,195,Helmet_on,157,99,168,116
images(538).jpeg,259,195,Helmet_on,101,40,116,55
image_1_121.jpeg,275,183,Helmet_missing,125,31,195,124
image_1_135.jpeg,225,225,Helmet_missing,98,12,149,75
images(611).jpeg,183,275,Helmet_on,52,12,109,79
image_1_109.jpeg,275,183,Helmet_missing,79,1,204,143
image_1_61.jpeg,276,182,Helmet_missing,60,12,89,57
image_1_61.jpeg,276,182,Helmet_missing,170,2,256,85
images(44).jpeg,277,182,Helmet_on,178,39,224,72
image_1_75.jpeg,225,225,Helmet_missing,45,15,190,188
images(580).jpeg,266,190,Helmet_on,96,12,124,49
images(580).jpeg,266,190,Helmet_on,124,25,143,52
image_1_49.jpeg,275,183,Helmet_missing,109,1,172,76
image_1_323.jpeg,275,183,Helmet_missing,128,1,175,55
image_1_337.jpeg,275,183,Helmet_missing,23,19,182,159
image_1_9.jpeg,276,182,Helmet_missing,78,11,160,110
images(129).jpeg,275,183,Helmet_on,185,59,202,79
image_1_294.jpeg,275,183,Helmet_missing,91,16,156,126
images(52).jpeg,183,276,Helmet_on,47,34,86,77
Image_6.jpg,500,334,Helmet_on,342,12,446,182
Image_6.jpg,500,334,Helmet_on,72,153,114,216
image_1_257.jpeg,242,208,Helmet_missing,11,10,119,156
image_1_257.jpeg,242,208,Helmet_missing,137,6,235,153
image_1_243.jpeg,310,163,Helmet_missing,30,11,126,137
image_1_243.jpeg,310,163,Helmet_missing,177,13,282,128
images(345).jpeg,299,168,Helmet_on,207,11,267,78
images(200).jpeg,275,183,Helmet_on,65,57,98,98
images(191).jpeg,263,191,Helmet_on,52,48,94,108
images(191).jpeg,263,191,Helmet_on,144,28,176,72
img_42.jpg,1600,1167,Helmet_on,356,22,566,310
img_42.jpg,1600,1167,Helmet_on,600,60,806,313
img_42.jpg,1600,1167,Helmet_on,1156,250,1275,485
images(607).jpeg,183,276,Helmet_on,77,47,85,58
images(607).jpeg,183,276,Helmet_on,70,86,75,96
images(607).jpeg,183,276,Helmet_on,90,83,102,92
img_56.jpg,300,300,Helmet_on,127,61,196,131
img_56.jpg,300,300,Helmet_on,224,40,288,105
images(175).jpeg,179,281,Helmet_on,66,190,79,202
images(175).jpeg,179,281,Helmet_on,49,194,59,205
images(175).jpeg,179,281,Helmet_on,91,198,101,213
images(175).jpeg,179,281,Helmet_on,115,197,127,208
images(175).jpeg,179,281,Helmet_on,145,205,153,213
img_19.jpg,5412,3721,Helmet_on,2250,199,3205,1743
img_19.jpg,5412,3721,Helmet_on,3372,499,4550,2432
images(525).jpeg,276,183,Helmet_on,43,2,104,73
images(525).jpeg,276,183,Helmet_on,182,1,266,97
images(525).jpeg,276,183,Helmet_on,141,1,171,23
images(525).jpeg,276,183,Helmet_on,1,73,58,174
img_31.jpg,2000,1333,Helmet_on,792,121,1157,718
img_31.jpg,2000,1333,Helmet_on,1384,83,1769,671
img_25.jpg,3648,5472,Helmet_on,2399,2229,2749,2642
img_25.jpg,3648,5472,Helmet_on,1162,2642,1512,3017
img_25.jpg,3648,5472,Helmet_on,1637,2304,1987,2717
images(319).jpeg,275,183,Helmet_on,113,6,159,65
image_1_224.jpeg,259,194,Helmet_missing,61,1,192,147
images(572).jpeg,183,275,Helmet_on,33,56,62,98
images(572).jpeg,183,275,Helmet_on,153,57,163,74
images(122).jpeg,275,183,Helmet_on,184,32,226,84
images(122).jpeg,275,183,Helmet_on,154,7,168,33
images(122).jpeg,275,183,Helmet_on,61,12,80,40
image_1_230.jpeg,225,225,Helmet_missing,51,20,137,123
image_1_218.jpeg,225,225,Helmet_missing,51,1,165,101
images(437).jpeg,277,182,Helmet_on,15,30,37,57
Image_20.jpg,2736,3648,Helmet_on,409,1511,784,1886
images(134).jpeg,275,183,Helmet_on,63,42,96,92
images(134).jpeg,275,183,Helmet_on,87,57,115,95
images(134).jpeg,275,183,Helmet_on,234,30,273,71
image_1_344.jpeg,299,168,Helmet_missing,102,1,191,96
image_1_378.jpeg,192,263,Helmet_missing,24,6,172,207
images(358).jpeg,251,201,Helmet_on,90,116,107,134
images(358).jpeg,251,201,Helmet_on,156,116,175,136
image_1_12.jpeg,225,225,Helmet_missing,53,9,191,194
image_1_387.jpeg,233,216,Helmet_missing,55,2,191,156
images(533).jpeg,275,183,Helmet_on,1,2,84,58
image_1_152.jpeg,225,225,Helmet_missing,34,1,194,199
images(499).jpeg,259,194,Helmet_on,58,47,80,79
images(499).jpeg,259,194,Helmet_on,92,51,116,72
images(499).jpeg,259,194,Helmet_on,104,50,135,80
image_1_146.jpeg,225,225,Helmet_missing,66,40,149,152
images(18).jpeg,275,183,Helmet_on,134,60,151,77
images(476).jpeg,266,190,Helmet_on,30,26,47,44
images(476).jpeg,266,190,Helmet_on,46,57,62,80
images(476).jpeg,266,190,Helmet_on,72,41,85,66
images(476).jpeg,266,190,Helmet_on,91,50,107,69
image_1_191.jpeg,275,183,Helmet_missing,96,9,211,139
image_1_185.jpeg,220,229,Helmet_missing,59,5,176,161
img_8.jpg,1300,866,Helmet_on,198,69,355,241
img_8.jpg,1300,866,Helmet_on,520,4,905,381
img_9.jpg,600,420,Helmet_on,18,68,165,286
img_9.jpg,600,420,Helmet_on,483,5,572,110
image_1_184.jpeg,299,168,Helmet_missing,65,1,192,142
images(548).jpeg,274,184,Helmet_on,153,62,168,89
images(118).jpeg,259,194,Helmet_on,48,98,53,105
images(118).jpeg,259,194,Helmet_on,114,97,120,104
images(118).jpeg,259,194,Helmet_on,175,53,181,58
images(118).jpeg,259,194,Helmet_on,95,14,102,20
image_1_190.jpeg,299,168,Helmet_missing,124,5,167,54
image_1_147.jpeg,328,153,Helmet_missing,134,2,212,106
images(374).jpeg,259,194,Helmet_on,48,54,90,114
images(374).jpeg,259,194,Helmet_on,116,60,162,113
image_1_153.jpeg,203,249,Helmet_missing,12,16,189,200
image_1_386.jpeg,185,272,Helmet_missing,25,2,180,203
image_1_13.jpeg,275,183,Helmet_missing,109,1,178,73
image_1_379.jpeg,208,243,Helmet_missing,44,10,158,148
images(266).jpeg,300,168,Helmet_on,142,65,156,77
images(266).jpeg,300,168,Helmet_on,191,68,204,79
images(289).jpeg,275,183,Helmet_on,90,17,113,62
image_1_345.jpeg,203,248,Helmet_missing,19,16,181,190
images(323).jpeg,276,183,Helmet_on,127,40,145,72
image_1_351.jpeg,241,209,Helmet_missing,60,15,195,131
Image_21.jpg,1280,813,Helmet_on,625,236,774,339
Image_21.jpg,1280,813,Helmet_on,494,453,603,551
images(22).jpeg,275,183,Helmet_on,120,14,205,108
images(22).jpeg,275,183,Helmet_on,64,1,113,57
images(270).jpeg,190,266,Helmet_on,75,126,118,177
images(270).jpeg,190,266,Helmet_on,125,59,151,89
images(270).jpeg,190,266,Helmet_on,91,52,109,72
image_1_219.jpeg,298,169,Helmet_missing,76,29,110,75
image_1_219.jpeg,298,169,Helmet_missing,136,15,159,56
image_1_219.jpeg,298,169,Helmet_missing,167,30,195,72
image_1_219.jpeg,298,169,Helmet_missing,242,17,275,49
image_1_231.jpeg,311,162,Helmet_missing,146,19,230,101
images(335).jpeg,274,184,Helmet_on,39,61,52,75
image_1_225.jpeg,242,208,Helmet_missing,15,29,118,143
image_1_225.jpeg,242,208,Helmet_missing,147,32,225,146
images(75).jpeg,300,168,Helmet_on,57,2,175,109
img_24.jpg,1300,957,Helmet_on,228,200,445,485
img_24.jpg,1300,957,Helmet_on,573,185,833,487
img_24.jpg,1300,957,Helmet_on,93,185,305,470
img_30.jpg,1600,1157,Helmet_on,243,1,513,286
img_30.jpg,1600,1157,Helmet_on,734,61,1034,373
images(227).jpeg,259,194,Helmet_on,87,62,100,82
images(227).jpeg,259,194,Helmet_on,186,77,200,92
img_18.jpg,177,285,Helmet_on,12,46,94,166
images(600).jpeg,275,183,Helmet_on,134,44,155,64
img_32.jpg,1600,1067,Helmet_on,347,135,566,538
img_32.jpg,1600,1067,Helmet_on,678,135,988,632
images(529).jpeg,183,276,Helmet_on,90,75,130,111
images(179).jpeg,228,221,Helmet_on,94,18,161,123
images(483).jpeg,275,184,Helmet_on,175,92,187,107
image_1_233.jpeg,308,163,Helmet_missing,180,2,279,127
images(207).jpeg,183,275,Helmet_on,129,30,141,45
images(207).jpeg,183,275,Helmet_on,148,99,156,114
images(55).jpeg,275,183,Helmet_on,55,1,163,115
Image_23.jpg,1920,1050,Helmet_on,323,42,615,490
Image_23.jpg,1920,1050,Helmet_on,756,227,1119,593
images(591).jpeg,275,183,Helmet_on,105,27,127,52
image_1_347.jpeg,225,224,Helmet_missing,44,34,156,157
images(354).jpeg,245,206,Helmet_on,24,44,44,63
images(354).jpeg,245,206,Helmet_on,127,48,141,67
images(354).jpeg,245,206,Helmet_on,168,75,180,93
image_1_409.jpeg,225,225,Helmet_missing,147,4,202,59
image_1_409.jpeg,225,225,Helmet_missing,27,117,82,161
image_1_409.jpeg,225,225,Helmet_missing,142,112,189,164
images(138).jpeg,275,183,Helmet_on,10,8,67,83
images(138).jpeg,275,183,Helmet_on,108,39,138,90
images(138).jpeg,275,183,Helmet_on,138,61,163,103
images(43).jpeg,271,186,Helmet_on,81,3,123,49
image_1_11.jpeg,267,189,Helmet_missing,1,1,119,173
image_1_145.jpeg,290,174,Helmet_missing,15,9,89,116
image_1_145.jpeg,290,174,Helmet_missing,106,1,187,116
image_1_145.jpeg,290,174,Helmet_missing,195,1,287,112
image_1_151.jpeg,214,235,Helmet_missing,44,5,111,103
image_1_179.jpeg,247,204,Helmet_missing,30,1,175,135
images(616).jpeg,259,194,Helmet_on,151,62,169,77
images(14).jpeg,282,179,Helmet_on,136,51,173,77
images(14).jpeg,282,179,Helmet_on,107,95,131,122
image_1_186.jpeg,225,225,Helmet_missing,1,1,191,97
images(495).jpeg,239,211,Helmet_on,61,4,115,76
image_1_192.jpeg,225,225,Helmet_missing,55,1,175,193
images(180).jpeg,276,182,Helmet_on,140,4,202,91
images(397).jpeg,275,183,Helmet_on,11,7,67,63
images(397).jpeg,275,183,Helmet_on,103,40,139,79
images(397).jpeg,275,183,Helmet_on,136,57,165,88
image_1_193.jpeg,275,183,Helmet_missing,47,35,105,123
images(378).jpeg,184,275,Helmet_on,50,28,96,84
image_1_187.jpeg,306,165,Helmet_missing,28,7,56,41
image_1_187.jpeg,306,165,Helmet_missing,241,30,294,135
images(401).jpeg,275,183,Helmet_on,91,35,111,61
images(80).jpeg,183,275,Helmet_on,56,58,119,152
image_1_178.jpeg,290,174,Helmet_missing,97,7,184,122
image_1_150.jpeg,250,202,Helmet_missing,58,2,177,128
image_1_144.jpeg,251,201,Helmet_missing,65,1,183,115
image_1_38.jpeg,259,194,Helmet_missing,49,1,137,105
image_1_10.jpeg,258,195,Helmet_missing,54,4,175,155
image_1_352.jpeg,275,183,Helmet_missing,152,22,210,83
image_1_346.jpeg,275,183,Helmet_missing,59,2,229,152
images(38).jpeg,183,275,Helmet_on,39,7,59,44
images(38).jpeg,183,275,Helmet_on,41,76,73,101
Image_22.jpg,4608,3456,Helmet_on,377,51,1831,1405
images(293).jpeg,275,183,Helmet_on,129,12,158,53
images(339).jpeg,275,183,Helmet_on,193,12,259,92
images(440).jpeg,300,168,Helmet_on,209,31,242,81
image_1_226.jpeg,300,168,Helmet_missing,12,1,159,104
image_1_232.jpeg,300,168,Helmet_missing,41,1,214,119
images(155).jpeg,183,275,Helmet_on,139,92,177,132
images(381).jpeg,275,183,Helmet_on,183,34,226,87
images(381).jpeg,275,183,Helmet_on,152,8,168,36
images(381).jpeg,275,183,Helmet_on,57,12,88,44
img_33.jpg,1300,866,Helmet_on,503,119,645,269
img_33.jpg,1300,866,Helmet_on,643,91,825,231
img_27.jpg,789,300,Helmet_on,330,82,470,250
img_27.jpg,789,300,Helmet_on,614,156,730,300
images(79).jpeg,275,183,Helmet_on,164,3,225,50
images(79).jpeg,275,183,Helmet_on,71,1,114,42
img_23.jpg,2000,1335,Helmet_on,649,95,988,595
img_23.jpg,2000,1335,Helmet_on,1127,37,1530,476
images(97).jpeg,300,168,Helmet_on,65,1,192,124
images(416).jpeg,275,183,Helmet_on,30,1,88,60
images(416).jpeg,275,183,Helmet_on,126,41,152,81
images(416).jpeg,275,183,Helmet_on,197,1,271,70
img_37.jpg,3861,2574,Helmet_on,2130,167,2776,1152
images(103).jpeg,276,183,Helmet_on,85,6,134,74
images(380).jpeg,259,194,Helmet_on,132,27,162,60
image_1_236.jpeg,183,275,Helmet_missing,46,6,137,159
image_1_222.jpeg,231,218,Helmet_missing,33,1,196,160
images(154).jpeg,275,183,Helmet_on,92,22,150,81
images(292).jpeg,276,183,Helmet_on,121,1,181,59
image_1_418.jpeg,189,266,Helmet_missing,30,2,147,172
images(457).jpeg,266,190,Helmet_on,107,6,121,27
images(457).jpeg,266,190,Helmet_on,187,4,209,47
images(512).jpeg,300,168,Helmet_on,135,64,152,76
images(512).jpeg,300,168,Helmet_on,191,67,202,80
images(142).jpeg,275,183,Helmet_on,93,40,107,61
images(39).jpeg,275,183,Helmet_on,31,83,53,100
image_1_356.jpeg,183,275,Helmet_missing,71,1,163,116
image_1_28.jpeg,275,183,Helmet_missing,87,1,207,132
image_1_395.jpeg,225,225,Helmet_missing,64,1,159,138
image_1_14.jpeg,225,225,Helmet_missing,68,14,114,74
images(284).jpeg,275,183,Helmet_on,113,26,136,49
images(284).jpeg,275,183,Helmet_on,1,2,29,39
images(81).jpeg,276,183,Helmet_on,41,47,51,65
images(81).jpeg,276,183,Helmet_on,221,54,239,76
image_1_168.jpeg,203,248,Helmet_missing,30,11,183,189
image_1_140.jpeg,225,225,Helmet_missing,97,1,217,152
images(115).jpeg,259,194,Helmet_on,54,54,85,112
images(115).jpeg,259,194,Helmet_on,119,59,158,109
image_1_154.jpeg,225,225,Helmet_missing,80,5,144,110
images(545).jpeg,276,183,Helmet_on,115,101,127,116
images(545).jpeg,276,183,Helmet_on,132,96,143,112
images(396).jpeg,259,195,Helmet_on,40,62,48,83
images(396).jpeg,259,195,Helmet_on,131,80,149,100
images(396).jpeg,259,195,Helmet_on,225,41,234,60
images(396).jpeg,259,195,Helmet_on,225,67,235,83
image_1_183.jpeg,300,168,Helmet_missing,193,1,300,108
images(379).jpeg,194,259,Helmet_on,136,169,150,183
images(379).jpeg,194,259,Helmet_on,89,43,107,68
image_1_197.jpeg,183,275,Helmet_missing,29,4,161,162
image_1_196.jpeg,225,225,Helmet_missing,29,121,85,191
image_1_196.jpeg,225,225,Helmet_missing,27,7,92,81
images(15).jpeg,181,278,Helmet_on,54,15,96,80
image_1_182.jpeg,195,259,Helmet_missing,71,1,195,129
images(494).jpeg,299,168,Helmet_on,44,5,75,38
image_1_155.jpeg,225,225,Helmet_missing,12,2,198,187
image_1_141.jpeg,183,276,Helmet_missing,40,20,150,163
image_1_169.jpeg,289,175,Helmet_missing,89,2,205,156
images(569).jpeg,284,177,Helmet_on,106,21,138,70
image_1_394.jpeg,225,225,Helmet_missing,78,1,137,69
image_1_15.jpeg,183,276,Helmet_missing,48,39,122,136
images(42).jpeg,275,183,Helmet_on,176,7,254,116
image_1_29.jpeg,259,194,Helmet_missing,58,2,242,130
images(586).jpeg,278,181,Helmet_on,33,36,48,59
images(586).jpeg,278,181,Helmet_on,67,45,82,62
images(586).jpeg,278,181,Helmet_on,79,53,92,66
images(586).jpeg,278,181,Helmet_on,50,53,60,61
images(586).jpeg,278,181,Helmet_on,118,41,131,58
images(586).jpeg,278,181,Helmet_on,149,43,159,61
images(586).jpeg,278,181,Helmet_on,198,44,213,61
images(586).jpeg,278,181,Helmet_on,240,21,255,43
images(355).jpeg,275,183,Helmet_on,15,1,37,28
images(355).jpeg,275,183,Helmet_on,54,7,72,31
images(355).jpeg,275,183,Helmet_on,99,1,120,23
images(355).jpeg,275,183,Helmet_on,149,9,167,32
images(355).jpeg,275,183,Helmet_on,171,22,197,54
images(54).jpeg,275,183,Helmet_on,176,7,225,56
images(590).jpeg,197,255,Helmet_on,96,47,110,82
image_1_223.jpeg,300,168,Helmet_missing,148,20,167,44
image_1_237.jpeg,177,285,Helmet_missing,11,2,164,231
images(206).jpeg,275,183,Helmet_on,53,63,67,77
images(206).jpeg,275,183,Helmet_on,79,59,92,77
images(206).jpeg,275,183,Helmet_on,106,59,120,76
images(206).jpeg,275,183,Helmet_on,126,60,134,76
images(178).jpeg,275,183,Helmet_on,38,43,94,109
images(178).jpeg,275,183,Helmet_on,129,59,156,96
images(178).jpeg,275,183,Helmet_on,175,46,208,98
images(178).jpeg,275,183,Helmet_on,216,8,275,86
images(482).jpeg,297,169,Helmet_on,91,18,112,39
images(197).jpeg,279,181,Helmet_on,165,42,188,75
img_36.jpg,500,334,Helmet_on,183,37,270,156
img_36.jpg,500,334,Helmet_on,322,53,410,179
img_22.jpg,620,300,Helmet_on,63,11,93,57
img_22.jpg,620,300,Helmet_on,159,24,203,79
img_22.jpg,620,300,Helmet_on,224,30,257,67
img_22.jpg,620,300,Helmet_on,351,19,400,76
img_22.jpg,620,300,Helmet_on,453,25,485,68
img_22.jpg,620,300,Helmet_on,575,35,610,73
img_34.jpg,700,335,Helmet_on,73,24,211,221
img_34.jpg,700,335,Helmet_on,167,4,263,217
img_20.jpg,1024,682,Helmet_on,112,273,198,346
img_20.jpg,1024,682,Helmet_on,282,261,351,355
img_20.jpg,1024,682,Helmet_on,614,220,714,326
images(363).jpeg,275,183,Helmet_on,1,16,80,104
images(363).jpeg,275,183,Helmet_on,190,1,275,91
images(363).jpeg,275,183,Helmet_on,113,1,155,52
images(74).jpeg,299,168,Helmet_on,213,11,270,79
images(271).jpeg,275,183,Helmet_on,9,53,27,76
images(271).jpeg,275,183,Helmet_on,37,66,59,81
images(621).jpeg,275,183,Helmet_on,98,86,112,101
image_1_209.jpeg,175,287,Helmet_missing,13,17,168,208
image_1_235.jpeg,275,183,Helmet_missing,170,8,261,146
images(508).jpeg,275,183,Helmet_on,19,39,49,71
images(508).jpeg,275,183,Helmet_on,214,22,247,70
images(158).jpeg,299,168,Helmet_on,158,38,172,69
Image_19.jpg,4002,2667,Helmet_on,2085,306,2870,1437
Image_19.jpg,4002,2667,Helmet_on,785,1,1532,829
Image_19.jpg,4002,2667,Helmet_on,2955,1268,3401,1614
Image_19.jpg,4002,2667,Helmet_on,1708,183,1985,722
images(288).jpeg,275,183,Helmet_on,139,1,156,22
images(288).jpeg,275,183,Helmet_on,161,68,191,91
image_1_341.jpeg,192,262,Helmet_missing,53,18,171,172
image_1_17.jpeg,275,183,Helmet_missing,67,1,198,155
images(230).jpeg,275,183,Helmet_on,99,8,118,44
images(230).jpeg,275,183,Helmet_on,234,79,260,100
image_1_157.jpeg,183,275,Helmet_missing,37,40,128,135
images(375).jpeg,300,168,Helmet_on,140,9,190,73
image_1_143.jpeg,225,225,Helmet_missing,31,1,210,164
image_1_194.jpeg,225,225,Helmet_missing,59,8,142,120
images(119).jpeg,184,275,Helmet_on,53,30,93,71
image_1_180.jpeg,307,164,Helmet_missing,19,30,90,126
image_1_180.jpeg,307,164,Helmet_missing,114,33,188,130
image_1_180.jpeg,307,164,Helmet_missing,224,35,293,130
image_1_181.jpeg,275,183,Helmet_missing,121,15,194,122
image_1_195.jpeg,259,194,Helmet_missing,60,1,184,158
images(498).jpeg,184,275,Helmet_on,82,14,167,132
image_1_142.jpeg,286,176,Helmet_missing,147,1,218,86
image_1_142.jpeg,286,176,Helmet_missing,52,1,143,73
image_1_156.jpeg,226,223,Helmet_missing,72,6,219,142
images(477).jpeg,275,183,Helmet_on,98,18,152,70
image_1_383.jpeg,275,183,Helmet_missing,168,5,213,73
images(359).jpeg,259,194,Helmet_on,177,12,200,45
image_1_16.jpeg,225,225,Helmet_missing,55,33,170,203
image_1_397.jpeg,177,285,Helmet_missing,25,3,115,131
image_1_340.jpeg,255,197,Helmet_missing,70,28,85,58
image_1_340.jpeg,255,197,Helmet_missing,146,35,163,66
images(565).jpeg,183,275,Helmet_on,104,57,122,103
image_1_368.jpeg,252,200,Helmet_missing,100,1,151,59
Image_18.jpg,2112,3243,Helmet_on,656,161,1156,903
images(573).jpeg,267,188,Helmet_on,191,21,208,49
images(573).jpeg,267,188,Helmet_on,122,37,154,65
images(573).jpeg,267,188,Helmet_on,69,70,92,97
images(573).jpeg,267,188,Helmet_on,96,20,117,52
images(573).jpeg,267,188,Helmet_on,60,39,84,67
image_1_234.jpeg,275,183,Helmet_missing,80,1,198,144
image_1_220.jpeg,177,285,Helmet_missing,15,10,159,164
image_1_208.jpeg,225,225,Helmet_missing,47,7,209,183
images(318).jpeg,181,278,Helmet_on,56,14,98,82
images(461).jpeg,275,183,Helmet_on,73,37,112,82
img_21.jpg,1000,660,Helmet_on,273,104,319,146
img_21.jpg,1000,660,Helmet_on,800,121,840,167
img_21.jpg,1000,660,Helmet_on,348,356,371,388
img_35.jpg,1280,960,Helmet_on,494,210,594,271
img_35.jpg,1280,960,Helmet_on,757,479,847,566